Price,Close,High,Low,Open,Volume,Volatility,System_Load,Failure
Ticker,AAPL,AAPL,AAPL,AAPL,AAPL,,,
Date,,,,,,,,
2023-01-03,123.33065032958984,129.07956676089162,122.44316513126005,128.4681939201586,112117500,0.051657935144289645,0.8007247782965542,1
2023-01-04,124.60269927978516,126.87071595607891,123.34050157319417,125.12532731236189,89113600,0.02821342775848999,0.4373227583294144,0
2023-01-05,123.28132629394531,125.9930816643783,123.02494756660151,125.3619828345772,80962700,0.023676508863882742,0.3669981631653467,0
2023-01-06,127.8173828125,128.47806338393755,123.15316666234692,124.25759364277924,87754700,0.042853692603277524,0.664254454095059,1
2023-01-09,128.3400115966797,131.55468474878427,128.08363280615177,128.65556861264022,70790800,0.026979414727731212,0.4181949165426796,1
2023-01-10,128.9119110107422,129.43453900512318,126.33820813140562,128.44844617850507,63896200,0.024105631214990215,0.37364978209848576,1
2023-01-11,131.63357543945312,131.65328646822576,128.64571450243,129.4247214433815,69458900,0.023238002232142823,0.3602010830168513,1
2023-01-12,131.5546875,132.39285762882386,129.6120828388038,132.01815247276784,71379600,0.021063579045265627,0.32649639622726334,0
2023-01-13,132.88587951660156,133.04365799858422,129.82900042275443,130.19384999657817,57809700,0.024691316647555007,0.3827282099688999,0
2023-01-17,134.0494842529297,135.38070076927318,132.26465833803292,132.95492042575748,63646600,0.023436834238716793,0.36328308220898897,0
2023-01-18,133.3296356201172,136.68234566241608,133.15213106325567,134.91724588612811,69672800,0.026165777221245405,0.4055831133381021,1
2023-01-19,133.38877868652344,134.35514542774973,131.9096394708051,132.2153258346004,58280400,0.018496387930124866,0.2867036029076256,0
2023-01-20,135.95262145996094,136.1005444209002,132.35338844252215,133.3986444948596,80223600,0.02808991045274417,0.4354081760492119,0
2023-01-23,139.1475830078125,141.32685514540398,135.9822178760608,136.19915953850284,81760300,0.03924133810702622,0.6082610864728317,1
2023-01-24,140.54782104492188,141.16906439218428,138.34883807200805,138.35869358432294,66435100,0.02038344138062738,0.31595390978820176,1
2023-01-25,139.8871612548828,140.44922647148869,136.87957443059517,138.93064978868992,65799300,0.025693769131022334,0.39826674321331157,1
2023-01-26,141.95794677734375,142.24390711048304,139.9265826744515,141.17892492583348,54105100,0.016414096064613772,0.25442699936737745,0
2023-01-27,143.90054321289062,145.18246711281154,141.09018721144076,141.16907645645273,70555800,0.02898850091034734,0.4493367940424387,0
2023-01-30,141.0112762451172,143.52581599866483,140.86336833761902,142.94402483372846,64015300,0.018625805899496285,0.2887096485333957,0
2023-01-31,142.28335571289062,142.3326633733732,140.30131415280843,140.71547141700836,65874500,0.014435862667473872,0.2237633560390245,0
2023-02-01,143.407470703125,144.57106804774983,139.35464368271474,141.96778362091698,77663600,0.03674371911703585,0.5695466971647182,0
2023-02-02,148.72256469726562,149.07754375931228,146.10940902226113,146.82925275349945,118339000,0.02021487327211371,0.3133410167071976,1
2023-02-03,152.3513641357422,155.19131670929613,145.774125819744,145.97134140477755,154357300,0.06451397102283471,1.0,1
2023-02-06,149.61990356445312,150.97086135861267,148.6831181180358,150.4482332133508,69858300,0.015206182164549728,0.23570370763826493,0
2023-02-07,152.49928283691406,153.07121860652774,148.54505515759215,148.54505515759215,83322600,0.030469970502442933,0.47230034083095107,1
2023-02-08,149.8072509765625,152.4302620416696,149.06768120571854,151.73999993153234,64120100,0.022160147867855,0.34349378152542215,0
2023-02-09,148.7718505859375,152.1837390894266,148.32811173185976,151.64138491373802,56007100,0.025425957167036814,0.39411551891662816,1
2023-02-10,149.1372528076172,149.46316214008027,147.3694580195322,147.60648709847575,57450700,0.014184363856252824,0.21986499406821927,0
2023-02-13,151.94204711914062,152.3469510828992,149.0483754519819,149.07800220373113,62199000,0.022126508151145197,0.3429723484749299,0
2023-02-14,151.30007934570312,151.86301769491905,148.9891025921519,150.233471212628,61707600,0.01912965918693073,0.296519635726032,1
2023-02-15,153.40365600585938,153.57154591974012,150.98404302296422,151.21118642767874,65573800,0.01711184838836942,0.2652425221555914,0
2023-02-16,151.80377197265625,154.39127521881363,151.44823591009165,151.60624021713144,68167900,0.019412388992081978,0.3009020942953731,1
2023-02-17,150.6581573486328,151.10257366904202,148.97924287733272,150.46064065840176,59144100,0.014112200921236245,0.21874643116048822,1
2023-02-21,146.63861083984375,149.42364564911486,146.5694867858314,148.33728134701136,58867200,0.019241008311367193,0.2982456048869917,0
2023-02-22,147.0633087158203,148.0904046122651,145.3350111943411,147.02379633351947,51011300,0.018741139098826402,0.2904973729208667,0
2023-02-23,147.54722595214844,148.47557105445037,145.41402441253163,148.22867140254277,48394200,0.02065421360759913,0.3201510196960062,0
2023-02-24,144.89060974121094,145.3646528906462,143.91288161778817,145.28564318748033,55469600,0.009992530858569569,0.15488940922630098,0
2023-02-27,146.08558654785156,147.32008482695682,145.62141398934327,145.87819927591497,44998500,0.011644446161558871,0.1804949529062057,1
2023-02-28,145.58189392089844,147.23118155565606,145.00908500057525,145.22635786930326,50547000,0.015300917737540387,0.2371721581380354,0
2023-03-01,143.5079345703125,145.40412186804485,143.2116520085762,145.00908849876785,55479000,0.015119534107596809,0.23436061783028753,0
2023-03-02,144.1005096435547,144.8905915062189,142.11542689154663,142.58948505088003,52238100,0.01946261755333505,0.30168066303725527,1
2023-03-03,149.15701293945312,149.236022634522,145.50290119247913,146.20408774818284,70732300,0.025533632469104863,0.39578454192607737,0
2023-03-06,151.92230224609375,154.3616721188966,151.55689556759242,151.8827898611123,87558000,0.0184667173540134,0.28624369359432406,1
2023-03-07,149.71994018554688,152.11979733212814,149.25576768015293,151.79388801539042,56182000,0.01886788519235261,0.2924620030857243,0
2023-03-08,150.97418212890625,151.56674727343432,149.9470862905562,150.91492862836495,47204800,0.010732278096003392,0.16635587495001206,0
2023-03-09,148.72247314453125,152.62348469471294,148.36693703717327,151.65564226284476,53833600,0.02806718954882243,0.435055990258111,0
2023-03-10,146.6583709716797,149.0681136196498,145.7794089470896,148.34717096498875,68572400,0.022168974650257255,0.34363060122915934,1
2023-03-13,148.60398864746094,151.24087556424058,145.86833582551114,145.97697229337373,84457100,0.03680402226682788,0.5704814272524179,1
2023-03-14,150.6976776123047,151.49763012479718,148.2385665656885,149.40392576424304,73695900,0.02181377458749934,0.3381248160926004,0
2023-03-15,151.09268188476562,151.34945203904152,148.06074761868828,149.31500178328344,77167900,0.02202527797659932,0.34140322828373837,1
2023-03-16,153.91722106933594,154.5196567133458,149.75942505583248,150.27298045799404,76161100,0.03167722928636495,0.49101347792019806,0
2023-03-17,153.07778930664062,154.79621636647911,152.36671707978053,154.1443976469308,98944600,0.015761190959812744,0.24430663172530603,0
2023-03-20,155.44801330566406,155.86281797805782,152.23831786199295,153.14692183341302,73641400,0.023666816627287156,0.36684792847289294,0
2023-03-21,157.30471801757812,157.42322503802845,154.59869218400178,155.36903302560913,73938300,0.018179509771172418,0.28179182714915785,0
2023-03-22,155.8726806640625,160.12922799549253,155.85292447362312,157.32445173541882,75701800,0.0271814296804994,0.42132625305111876,0
2023-03-23,156.9590606689453,159.54657961758764,155.72456224273301,156.86030983658483,67622100,0.024365739037723155,0.3776815882113179,0
2023-03-24,158.2626953125,158.35157558084836,155.89246440584685,156.88993369073094,59196500,0.01567411698859552,0.24295694002540424,1
2023-03-27,156.31707763671875,158.7762031421057,155.91215866543004,157.95649464031004,52390300,0.018131856389935034,0.2810531750326959,1
2023-03-28,155.6949005126953,156.52449472162644,154.04561279409856,156.01093927220384,45992200,0.015889154562442515,0.24629013391252186,1
2023-03-29,158.77622985839844,159.05275625859912,157.37384166607825,157.39358278783644,51305700,0.010666982495620635,0.16534375928967476,0
2023-03-30,160.3465118408203,160.45514829132492,159.27003296644855,159.5268031814781,49501700,0.007428941727918747,0.11515244853381097,0
2023-03-31,162.85499572753906,162.95376161088404,159.90208569195596,160.42551172065657,68749800,0.0190223854435438,0.29485683708433996,1
2023-04-03,164.10926818847656,164.22777520589742,162.18345380758916,162.23283675470108,56976200,0.012601156702938664,0.19532446233201933,0
2023-04-04,163.57594299316406,164.7709287291007,163.0623875580335,164.53391473562277,46278300,0.010384127636010626,0.1609593623113847,0
2023-04-05,161.72914123535156,163.00315186770885,159.79345641920935,162.69699871298138,51511700,0.019728055673367533,0.3057950915218781,1
2023-04-06,162.6179962158203,162.91427882271006,159.99098020805553,160.41564039126865,45390100,0.01822327677977241,0.2824702384747373,0
2023-04-10,160.0205841064453,160.0205841064453,158.09477004106023,159.41814841731897,47716900,0.012080268680224273,0.18725042791038957,1
2023-04-11,158.8058624267578,160.34651387560373,158.5194503856298,160.33664331436313,47644200,0.011395171136218164,0.1766310607695323,0
2023-04-12,158.11456298828125,160.0502480636464,157.79852416071756,159.22066874563276,50133100,0.014142158305628852,0.21921078615085154,1
2023-04-13,163.5068359375,163.74386504702863,159.4181779828813,159.62558033741385,68445600,0.02709895904530945,0.42004791544637327,0
2023-04-14,163.1611785888672,164.2574136863755,161.7884170766324,162.5488571823505,49386500,0.015189258494590975,0.23544138197933498,0
2023-04-17,163.18089294433594,163.33891231813308,161.99577777997115,163.04262975965267,41516200,0.008237934705431943,0.12769225913122179,0
2023-04-18,164.405517578125,165.33386254581205,163.59567960391064,164.0401109685465,49923000,0.010596084894350613,0.16424480971106445,1
2023-04-19,165.5511474609375,166.0745734796078,163.4870550672227,163.74384033117565,47720200,0.015802233581133675,0.2449428136355221,0
2023-04-20,164.5832977294922,165.78816920558748,163.50681889136789,164.03024493447634,52456400,0.013908107709836708,0.2155828805657295,0
2023-04-21,162.97349548339844,164.38575399057277,162.4500695263773,163.00312223043315,58337300,0.011875137345277656,0.18407078586240574,0
2023-04-24,163.27967834472656,163.54633418620037,161.85753394961128,162.95376899838274,41949600,0.010363677053740618,0.16064236768299994,0
2023-04-25,161.73904418945312,164.24753827035505,161.69953180228663,163.14143254265787,48714100,0.015618389690198258,0.2420931380068068,1
2023-04-26,161.72914123535156,163.23029532612622,160.78105501874768,161.0378252295865,45498800,0.015209099501230481,0.23574892786939472,0
2023-04-27,166.32147216796875,166.4696059197472,163.14140369362494,163.14140369362494,64902300,0.020400720790490098,0.31622174960008687,1
2023-04-28,167.57571411132812,167.74361912541863,165.79804878354395,166.40048449959994,55275900,0.011692095415018835,0.18123354103997752,0
2023-05-01,167.48683166503906,168.33616700655767,166.548616072207,167.18067853080987,52472900,0.010692329700176643,0.16573665410228886,0
2023-05-02,166.44985961914062,168.2374257243008,165.46226102978648,167.98064044655123,48425700,0.016520741242187036,0.2560800549130594,0
2023-05-03,165.37339782714844,168.80036649116937,165.08700083730753,167.3979781580158,65136000,0.022182858447409682,0.3438458072834807,1
2023-05-04,163.7339630126953,164.96846124572582,162.27232132426357,162.84513031273676,81235400,0.016556466357234213,0.2566338127190164,0
2023-05-05,171.41748046875,172.13842316096267,168.64231599957478,168.85958887715515,113453200,0.020704226420516187,0.32092624422681915,0
2023-05-08,171.3483428955078,171.6940084046762,169.97558155808977,170.34098818753938,55962800,0.010088158257568038,0.15637168349158567,0
2023-05-09,169.6398162841797,171.38785496168964,169.47192632998963,170.9039412906591,45326900,0.011210558499885977,0.17376946918858865,0
2023-05-10,171.4075927734375,171.87176527271458,169.76817565129102,170.87429621552187,53724500,0.01231074344130923,0.19082290620355463,0
2023-05-11,171.5952606201172,172.4248398461332,170.0348529885771,171.69402651016821,49514700,0.013920034995594808,0.2157677596790285,0
2023-05-12,170.66563415527344,172.13918180226995,169.11295243629542,171.70403494878815,45533100,0.017624684049370898,0.2731917407956897,1
2023-05-15,170.17112731933594,171.29854623618587,169.57774258819362,171.2490949935239,37266700,0.010048541559050755,0.1557576041241373,0
2023-05-16,170.17112731933594,171.229311478379,169.90410268128184,170.0920083491569,42110300,0.007791129106882171,0.12076654069433274,0
2023-05-17,170.7843017578125,171.02164360752573,168.53934785672587,169.81512066054435,57951600,0.01461763676370082,0.2265809487766132,0
2023-05-18,173.11827087402344,173.30617657836305,170.6755268984154,171.0908902546592,65496700,0.015375743711614787,0.2383319995318928,0
2023-05-19,173.22705078125,174.44347306887536,173.00947735219142,174.44347306887536,55809500,0.008220403386016942,0.12742051459066644,0
2023-05-22,172.27761840820312,172.781999977239,171.5358950094103,172.0600450039918,43570900,0.007242268057059906,0.11225890984910085,0
2023-05-23,169.66677856445312,171.46670153051892,169.38986966050507,171.2194603598222,50747300,0.01212964849701857,0.18801584067310448,0
2023-05-24,169.9436492919922,170.51725049000234,168.6382240509761,169.20192594652394,45143500,0.011105230797550719,0.17213683519217912,1
2023-05-25,171.08099365234375,171.98093998050487,169.79533663873903,170.50739236656926,56058300,0.012818232168298433,0.1986892445941891,1
2023-05-26,173.49404907226562,173.83030849826073,171.19965909306288,171.40734829469508,54835000,0.015347354890964579,0.2378919580928042,1
2023-05-30,175.34341430664062,177.01476677794446,174.6214744245607,175.00716998790764,55964400,0.013675396005484453,0.21197572849211294,0
2023-05-31,175.2939910888672,177.37082297149757,174.80939295881248,175.3731100748192,99625300,0.014605602943303644,0.22639441832117252,0
2023-06-01,178.10264587402344,178.1323136072369,174.97751385870967,175.73902088879638,68901800,0.017951617873889967,0.27825938458409255,0
2023-06-02,178.95315551757812,179.77399801140302,177.28180279681203,179.03227450268932,61996900,0.01392036838896082,0.21577292744905918,0
2023-06-05,177.59823608398438,182.90897030198119,176.07522239457762,180.61458064640706,121946500,0.03783608102372495,0.5864788730852248,1
2023-06-06,177.2323760986328,178.1323225352186,175.47200499411858,177.9839838617166,64848400,0.014946949064624505,0.2316854601824779,0
2023-06-07,175.85769653320312,179.21028600208987,175.36321422162453,176.47084977063176,61944600,0.02180004111424396,0.3379119401366231,0
2023-06-08,178.57736206054688,178.8443716628685,175.50168125821915,175.93681304769265,50214900,0.018999380213527088,0.2945002440913498,1
2023-06-09,178.96304321289062,180.21901740774703,178.63668307937917,179.4970774647442,48900000,0.008815376554967348,0.13664290719055486,1
2023-06-12,181.76181030273438,181.86071280602803,178.97293777661235,179.26963019609002,54274900,0.01610855684957319,0.24969098311854912,0
2023-06-13,181.28709411621094,182.11782073883157,180.4266997635254,180.78272761470595,54929100,0.009354438875988124,0.1449986526589275,0
2023-06-14,181.9200439453125,182.35519080481038,180.0113494184458,181.3464426387383,57462900,0.012924661505678161,0.20033895450496264,0
2023-06-15,183.95730590820312,184.46168752877136,181.75191900244837,181.9299404833556,65433200,0.014894571608849069,0.23087358246134218,0
2023-06-16,182.8793182373047,184.9264820484004,182.2364973319158,184.669341613924,101256200,0.014566493241246084,0.22578819766171696,0
2023-06-20,182.96832275390625,184.0463055632048,182.37495308855412,182.37495308855412,49799100,0.009164375076434679,0.1420525652217401,0
2023-06-21,181.92991638183594,183.36391189129432,180.575024752965,182.85953033754498,49515700,0.015251527405660797,0.23640658238604662,0
2023-06-22,184.93638610839844,184.98583735805877,181.6431320743364,181.7123668419414,51245300,0.018395584966597028,0.2851411047087136,1
2023-06-23,184.6199188232422,185.49021256870566,182.968349622031,183.50239899871212,53117000,0.013742942655983173,0.21302273659637014,0
2023-06-26,183.22547912597656,185.97479955864205,183.18591209060443,184.76826151663462,48088700,0.01509397471809049,0.23396443404093015,0
2023-06-27,185.98464965820312,186.3110097333496,183.621025256748,183.838598640179,50730800,0.014632316045155585,0.2268084852500628,0
2023-06-28,187.16152954101562,187.80435042269775,185.5297441703453,185.85608917215896,51216800,0.012238535000300518,0.18970363792935163,0
2023-06-29,187.49777221679688,187.97248603247579,186.8549513406989,186.9934057643385,46347300,0.00597633209154591,0.09263624602228543,0
2023-06-30,191.82945251464844,192.33381899614628,189.1493519786864,189.51527911897426,85213200,0.016803220469948046,0.26045862940293274,1
2023-07-03,190.33615112304688,191.7404791738125,189.64386376682972,191.6415766685233,31458200,0.010940295125046018,0.16958024675265615,0
2023-07-05,189.21859741210938,190.8503829545932,188.51642591121868,189.45595434700246,46920300,0.012319259383633294,0.1909549077249158,0
2023-07-06,189.6932830810547,189.90097227103217,187.11208506779732,187.74502176003202,45094300,0.014854653279699162,0.23025482766269897,0
2023-07-07,188.5757598876953,190.54380484505052,188.14062814608695,189.29771490007704,46815000,0.012695222973146332,0.19678253829163392,0
2023-07-10,186.52862548828125,187.89340155065938,184.9759437256739,187.17144648236777,59922200,0.015587088093911405,0.2416079470351369,1
2023-07-11,186.0044708251953,187.21100889013437,184.54080738706045,187.07255444450544,46638100,0.014273614379206117,0.22124842344852672,0
2023-07-12,187.67579650878906,189.5844907414315,186.3901396467477,187.58677823550266,60750200,0.01702865801487079,0.26395302823389216,0
2023-07-13,188.4373016357422,189.0801376574393,187.6856939986458,188.39774969290625,41342300,0.007401594026820857,0.11472854498758206,0
2023-07-14,188.58566284179688,189.07024584013215,187.53736277551775,188.13073248396137,41616200,0.008147967343640029,0.12629771837724973,1
2023-07-17,191.84925842285156,192.17561856911308,189.6933076328095,189.78231082986184,50520200,0.013079780330680801,0.20274337671837336,0
2023-07-18,191.5921173095703,192.185502135392,190.296576033276,191.21632100425936,48288200,0.009878477382032218,0.15312152120562744,0
2023-07-19,192.94699096679688,196.04243976648678,190.5240157315845,190.9690618542327,80507300,0.028896953157336543,0.44791775640517417,1
2023-07-20,190.99874877929688,194.30188710755215,190.37569621729313,192.93711105379268,59581200,0.02034958888321057,0.31542917852642854,0
2023-07-21,189.82188415527344,192.8184459451999,189.11971258876892,191.95805149771712,71951700,0.019268446035851563,0.2986709038423863,0
2023-07-24,190.6229248046875,192.759091941705,190.1284425094743,191.27564505606543,45377800,0.013753185521657153,0.21318150632502864,0
2023-07-25,191.48330688476562,192.29426504028103,190.7910347339605,191.19651381171818,37283200,0.007862226545620285,0.12186858785731003,0
2023-07-26,192.35360717773438,193.48102617402893,191.18663623876353,191.53276478098633,47471900,0.011979098917561111,0.1856822441347024,0
2023-07-27,191.08775329589844,195.02382842734414,190.4251487828704,193.85685736898512,47460200,0.023722037522359445,0.36770388097739376,1
2023-07-28,193.6689453125,194.4601200346163,191.99759267326004,192.5217427199515,48291400,0.012790905206682681,0.1982656625206863,0
2023-07-31,194.28208923339844,194.32165626732748,193.10521896564188,193.8963936498011,38824100,0.006273645831095888,0.09724476313627217,0
2023-08-01,193.4513702392578,194.55900578654655,193.12501010327395,194.074422779809,35175100,0.007388895778912439,0.11453171556122535,0
2023-08-02,190.4547882080078,193.02608689409655,189.73284833699685,192.887632465541,50389300,0.017073352578413907,0.26464581714200786,1
2023-08-03,189.06036376953125,190.247118290272,188.58566497931545,189.45595867004647,61235200,0.008769601772463154,0.1359333743284715,0
2023-08-04,179.98165893554688,185.31217710978225,179.9124241755589,183.47270249377223,115956800,0.02943082464491766,0.45619304126389343,0
2023-08-07,176.87632751464844,181.10909486166798,175.39288059142936,180.1201302461886,97576100,0.03173556593827513,0.49191772627114105,1
2023-08-08,177.81581115722656,178.28062565603474,175.6203088706347,177.70702446409274,67823000,0.014970239884566838,0.2320464799673876,0
2023-08-09,176.22361755371094,178.93337110075507,175.05663139218126,178.87403563482027,60378500,0.02167301528595438,0.3359429739378966,0
2023-08-10,176.0060272216797,178.7553475423464,175.64011515660735,177.49935830249015,54686900,0.017550668439207304,0.2720444604626066,1
2023-08-11,176.0654296875,176.88738049769475,174.8374673630278,175.60000259117115,52036700,0.01167376483153889,0.18094940749201383,1
2023-08-14,177.71925354003906,177.94701832041608,175.5900993670502,176.2437010263368,43675600,0.013373067744495945,0.20728948369590441,0
2023-08-15,175.72874450683594,177.73905244130324,175.3326305229056,177.1448814654077,43622600,0.013584484623494883,0.2105665549356225,0
2023-08-16,174.85728454589844,176.80816171418965,174.78795629022963,175.4118501481314,46964900,0.011516926719910902,0.178518335444496,0
2023-08-17,172.3122100830078,175.78815784652573,171.79724982185638,175.42175166053434,66062900,0.022750360128613457,0.3526423775799039,0
2023-08-18,172.7974853515625,173.4015690710498,170.29202708322546,170.62872552076746,61172200,0.01822402399322778,0.2824818206707101,0
2023-08-21,174.13436889648438,174.42156439236868,172.05474771785234,173.37184868637627,46311900,0.01365167812680958,0.21160808907542789,0
2023-08-22,175.51087951660156,175.95651153189084,174.54038966607246,175.34253031574917,42038900,0.008076317042238938,0.12518710155634857,0
2023-08-23,179.36314392089844,179.78898080878903,176.60021337314086,176.78837280424742,52722800,0.01803720111830546,0.27958596924565676,0
2023-08-24,174.6691436767578,179.34336155038372,174.30272234931607,178.91752463221655,54945800,0.02817297641150135,0.43669574147791224,0
2023-08-25,176.87750244140625,177.41225784961358,174.1145717959043,175.6594375427037,51449600,0.01877317894125436,0.29099400709048895,0
2023-08-28,178.44216918945312,178.83828316683332,176.8180777049469,178.34313313971825,43820700,0.011327632448308266,0.1755841760895303,0
2023-08-29,182.33404541015625,183.10647826164347,177.7588638881504,177.95692088146865,53003900,0.030050050017750983,0.46579135559822804,1
2023-08-30,185.82981872558594,186.0278908459401,182.9480567481202,183.14611375769312,60813900,0.016816267812783676,0.26066086998165966,0
2023-08-31,186.04766845703125,187.28554353881972,185.66145203594442,186.0179606639307,60794500,0.008730831673880496,0.13533241769895424,0
2023-09-01,187.6222686767578,188.07779827305947,186.45370666949987,187.65197647170007,45766500,0.008654806808307379,0.13415399286526652,0
2023-09-05,187.8599395751953,188.13722241444697,185.79021584264493,186.4537151444815,45280000,0.012587609584412754,0.1951144749709698,1
2023-09-06,181.13580322265625,187.01818850408822,179.70976859554776,186.57254135003106,81755800,0.039172001708595694,0.6071863363476846,1
2023-09-07,175.8376922607422,176.48139642487362,171.85668142571674,173.48077306769622,112488800,0.026658372091483636,0.41321858922694293,0
2023-09-08,176.45166015625,178.4916910043361,176.06544373133067,176.62002446653017,65551300,0.01373710189619642,0.21293220179136355,1
2023-09-11,177.62022399902344,178.5511084974291,175.619813594627,178.3233437087065,58953100,0.01643808848487283,0.2547988943209614,0
2023-09-12,174.5899200439453,178.3827714442694,173.12428004812202,177.7489799506068,90370200,0.029583806318374463,0.4585643365202753,1
2023-09-13,172.5201873779297,175.58021106580875,172.29240747476095,174.7978655233742,84267900,0.01880917470704558,0.2915519601233053,0
2023-09-14,174.03533935546875,174.39184798430878,171.89628758242847,172.31221179761187,60895800,0.014482783175062804,0.2244906482339558,1
2023-09-15,173.31240844726562,174.78796097983732,172.13396406629226,174.76815074757482,109259500,0.015185815620251883,0.23538801564202064,0
2023-09-18,176.24368286132812,177.64000941385729,174.4611399337141,174.76813049970744,67257600,0.018189068401967674,0.2819399908824347,0
2023-09-19,177.33302307128906,177.88758863735939,175.41183870970377,175.79805509398693,51826900,0.014082919895399313,0.21829256007841566,0
2023-09-20,173.7877655029297,177.95692035427507,173.69862701203755,177.52118590379774,58436200,0.023987521943128386,0.37181902714743764,1
2023-09-21,172.2428741455078,174.5898954535224,172.17356100214752,172.856870429388,63149100,0.013978816377807428,0.21667890158024264,0
2023-09-22,173.09451293945312,175.36230817336875,172.3617006840661,172.97568178685572,56725400,0.01734699038793239,0.26888734506503137,1
2023-09-25,174.37200927734375,175.25337558933134,172.46072260098884,172.51024061844873,46172700,0.016188331651099917,0.25092753390378125,0
2023-09-26,170.29200744628906,173.50057001651604,169.99491440180657,173.12426626356617,64588900,0.020249360129402205,0.3138755808758842,0
2023-09-27,168.77684020996094,171.3615240971404,167.41023633579258,170.94559986493434,66921800,0.023114299312002044,0.35828362361728966,1
2023-09-28,169.03431701660156,170.36131544966938,165.99408862675534,167.69740591218968,56294400,0.02604230398889305,0.4036692142183494,0
2023-09-29,169.54930114746094,171.39126009408957,168.68772971206937,170.35144187875733,51861100,0.015870311118026014,0.24599805075413386,0
2023-10-02,172.0646514892578,172.60931959526494,169.2719978061565,169.55919331240622,52164500,0.019682340567400307,0.3050864836770588,0
2023-10-03,170.72772216796875,171.9458021063211,169.1630613901914,170.58908076573104,49594600,0.016312537142698154,0.25285278342150624,0
2023-10-04,171.97549438476562,172.52016238398562,169.3115850792172,169.43041623876405,53020300,0.018937433879917094,0.29354004380251514,1
2023-10-05,173.21339416503906,173.74814957044222,171.00501406167223,172.1042477774046,48527900,0.01593880188429689,0.24705969314236378,1
2023-10-06,175.76837158203125,176.26352163595584,171.5001654241457,172.1141617663429,57266700,0.027675562329825744,0.4289855653131317,0
2023-10-09,177.25379943847656,177.31321501974588,174.09474007424367,175.09493761742715,42390800,0.018381313527946766,0.2849198900101918,0
2023-10-10,176.65963745117188,177.97673842144718,176.2239029815132,176.37245706568626,43698000,0.009938260594063062,0.15404819198845188,0
2023-10-11,178.05596923828125,178.10548726772782,175.87731193966172,176.4714829606774,47551100,0.012626262842493357,0.19571362051212587,0
2023-10-12,178.95713806152344,180.57131695227565,177.30332359387822,178.3233466007442,56743100,0.018326222677472984,0.2840659532643932,0
2023-10-13,177.1151885986328,180.16529977566205,176.41206884050376,179.6602521369707,51427100,0.020890713947662,0.32381689758746574,0
2023-10-16,176.98643493652344,177.3429435766639,174.79786506856496,175.03554253225204,52517000,0.014540352612270147,0.22538300435921998,0
2023-10-17,175.43167114257812,176.6893566043469,173.10447478206885,174.9365210517317,57549400,0.020492472359261903,0.31764394648732125,0
2023-10-18,174.13436889648438,175.85749653944856,173.4114540423014,173.87689630601963,54764400,0.014067668270557306,0.21805615198571573,0
2023-10-19,173.758056640625,176.11496052795673,173.4906713911534,174.33241738277906,59302900,0.015053362858160883,0.23333492915562037,0
2023-10-20,171.2030792236328,173.71843472751576,170.96540176933075,173.60950111647477,64244000,0.015857616895851745,0.2458012837287437,1
2023-10-23,171.32188415527344,172.32208162288967,168.2816561832755,169.25216097327896,55980100,0.023872223647720948,0.37003184378886517,1
2023-10-24,171.75765991210938,171.98542471489895,169.78695717971306,171.37144345921354,43816600,0.012828669064161406,0.19885102189137763,0
2023-10-25,169.44033813476562,171.38131769667615,168.99469104064445,170.21277093543313,57157000,0.014021431194120061,0.21733945332798035,0
2023-10-26,165.27117919921875,169.71763198356828,164.06301189675906,168.71741923518283,70625300,0.033515330618748895,0.519505001589286,1
2023-10-27,166.58828735351562,167.321114882013,165.2117707914918,165.29099661436564,58499100,0.012761397376303793,0.19780827585062,1
2023-10-30,168.63819885253906,169.50966778359705,167.23197451155576,167.3805285943209,51131000,0.013607874769960372,0.21092911433313982,0
2023-10-31,169.1135711669922,169.24229991901694,166.27139928771217,167.70734668146844,44846000,0.01771479121273973,0.27458844854658815,1
2023-11-01,172.28250122070312,172.53997379429074,168.46983997695696,169.34130885799144,56934900,0.024035091288605617,0.37255637666604646,1
2023-11-02,175.8476104736328,176.05556504970008,173.75807648633753,173.8174920794996,77334800,0.013217821381933973,0.2048830845841985,0
2023-11-03,174.93649291992188,175.10485722122255,171.66851493448934,172.5498813500308,79829200,0.019915066065808073,0.3086938495656877,0
2023-11-06,177.49147033691406,177.6895273209714,174.50077512285628,174.66912431484397,63841300,0.018255958004159526,0.28297681439726957,0
2023-11-07,180.05638122558594,180.67036248552094,177.23401974281032,177.4419743130807,70530000,0.019366008274048496,0.3001831691184209,1
2023-11-08,181.11599731445312,181.67056299140017,179.82860407252238,180.581241871906,49340300,0.01020016752451162,0.15810788520367583,0
2023-11-09,180.64064025878906,182.3340449245472,180.04645416963677,181.18530832204868,53763500,0.012625696730577748,0.19570484548391673,0
2023-11-10,184.8351287841797,185.00371491529177,181.98922784820692,182.425536381392,66133400,0.016524479669241806,0.2561380024707047,0
2023-11-13,183.24855041503906,184.4682199516521,182.6635072771428,184.25999143916752,43627500,0.009794381625731846,0.15181799338107907,0
2023-11-14,185.8664093017578,186.53078271340215,184.7359804157126,186.1242211071054,60108400,0.00964303456591357,0.1494720354836074,0
2023-11-15,186.4315948486328,187.90909130382101,186.20353000343164,186.2729495954029,53790500,0.009156247882980154,0.14192658950941497,0
2023-11-16,188.11734008789062,189.35684600106327,187.06622636374277,187.9785160308428,54412900,0.012185539526999283,0.18888218061613682,0
2023-11-17,188.09751892089844,188.78172866103995,186.98692637498098,188.65281519385715,50922700,0.009513784802069623,0.14746859713072413,0
2023-11-20,189.8427276611328,190.29887250675844,188.2859160609316,188.2958266614519,46505100,0.010690393310978914,0.16570663906574673,1
2023-11-21,189.03952026367188,189.91213724546566,188.14708208188244,189.80306012274144,38134500,0.009299403088874282,0.14414556942375722,0
2023-11-22,189.70391845703125,191.31031344701395,189.2279523730899,189.88241519518988,39617700,0.010966581985927957,0.16998770672551433,0
2023-11-24,188.3751678466797,189.29735306155973,187.66121116968733,189.26760612757576,24048300,0.00864459547699651,0.13399571193558613,0
2023-11-27,188.19664001464844,189.06925694915728,187.3141124806788,188.32555346106983,40552600,0.0093197361495677,0.14446074240677234,0
2023-11-28,188.80152893066406,189.47582799498892,187.8099242301234,188.1867388581487,38415400,0.008852397225084114,0.1372167467718087,0
2023-11-29,187.78018188476562,190.47734794655034,187.3835460471391,189.2973359031836,43014200,0.01634361035589831,0.25333443433692043,0
2023-11-30,188.35533142089844,188.7222354910008,186.61011239504938,188.24625428611483,48794400,0.011220000652662099,0.17391582745217748,0
2023-12-01,189.63449096679688,189.95179660734362,187.64135580786584,188.73212704562349,45704800,0.012241905157563716,0.18975587711428732,0
2023-12-04,187.8396759033203,188.45448112204545,185.87630278327032,188.38506152852514,43389500,0.01368568355609633,0.21213519086047708,0
2023-12-05,191.7961883544922,192.76795676998717,188.58338352707358,188.61314558971708,66628400,0.02218601057646389,0.343894666918134,0
2023-12-06,190.70542907714844,193.1249319103576,190.4971854261922,192.8175368647406,41089700,0.013628150877213627,0.21124340450830326,0
2023-12-07,192.63905334472656,193.3629205543118,191.96475426663108,192.0044269286476,47477700,0.0072819481823735354,0.11287397236477803,0
2023-12-08,194.0669708251953,194.34461894265894,192.04408867717459,192.56963798027982,53406400,0.011946484864451693,0.1851767094018013,0
2023-12-11,191.5581817626953,191.8655919183663,189.8129630007935,191.48877730415995,60943700,0.010719317061137306,0.16615497218956193,0
2023-12-12,193.0753631591797,193.08527375940776,190.11045957675134,191.45904261144975,52696900,0.015537600847057171,0.24084086905079274,1
2023-12-13,196.29806518554688,196.33772271445184,193.21417408717826,193.45214952198077,70404200,0.016146362989461996,0.25027699788851926,0
2023-12-14,196.44683837890625,197.94415626252416,194.5132119382899,196.35759757334458,66831600,0.017472938998210657,0.2708396138260674,1
2023-12-15,195.9113311767578,196.7343496927442,195.34610928310804,195.87165851894784,128538400,0.007087500152564753,0.10985992708550112,0
2023-12-18,194.24545288085938,194.97924583916173,192.75804576345098,194.4437708037096,55751900,0.011423354250587174,0.17706791365460792,0
2023-12-19,195.28665161132812,195.2965622122741,194.24546354583867,194.51320107826476,40714100,0.00540373949227487,0.08376076385628498,0
2023-12-20,193.1943817138672,196.0204465599507,193.1943817138672,195.24699595949082,52242800,0.014474306414782707,0.2243592540545912,0
2023-12-21,193.04562377929688,195.42548448345963,191.87553732603428,194.45371597287163,46482500,0.018256000610040315,0.28297747481051205,1
2023-12-22,191.9746856689453,193.76948784569112,191.349969834571,193.54140785907617,37149600,0.01250129384654393,0.19377653628109637,0
2023-12-26,191.4293212890625,192.26226574027075,191.21116700936184,191.984617589868,28919300,0.005474911188740865,0.0848639620525455,0
2023-12-27,191.52842712402344,191.8754947947896,189.48572401895245,190.8739795713314,48087700,0.012520149583532258,0.19406880998072112,0
2023-12-28,191.95484924316406,193.0257841884141,191.5482876644632,192.51014548202977,34049900,0.0076749021213991546,0.11896496215808239,0
2023-12-29,190.91366577148438,192.76796185552627,190.12037892679615,192.27215946893213,42672100,0.01376997551825968,0.21344175997763026,0
